[
    {
      "categoryName": "Test Category 1",
      "categoryChildren": [
        {
          "objectTitle": "Test Title 1",
          "objectImage": "https://tr.rbxcdn.com/3afe8f24da068dbbb27e78321b37b10f/150/150/AvatarHeadshot/Png",
          "objectDescription": "Test Description :)",
          "objectType": "HTML4",
          "objectRedirect": "https://google.com/"
        },
        {
          "objectTitle": "Test Title 2",
          "objectImage": "https://tr.rbxcdn.com/3afe8f24da068dbbb27e78321b37b10f/150/150/AvatarHeadshot/Png",
          "objectDescription": "Test Description 2 :)",
          "objectType": "HTML5",
          "objectRedirect": "https://youtube.com/"
        }
      ]
    },
    {
      "categoryName": "Test Category 2",
      "categoryChildren": [
        {
          "objectTitle": "Test Title 3",
          "objectImage": "https://tr.rbxcdn.com/3afe8f24da068dbbb27e78321b37b10f/150/150/AvatarHeadshot/Png",
          "objectDescription": "Test Description 3 :)",
          "objectType": "HTML4",
          "objectRedirect": "https://google.com/"
        },
        {
          "objectTitle": "Test Title 4",
          "objectImage": "https://tr.rbxcdn.com/3afe8f24da068dbbb27e78321b37b10f/150/150/AvatarHeadshot/Png",
          "objectDescription": "Test Description 4 :)",
          "objectType": "HTML5",
          "objectRedirect": "https://youtube.com/"
        }
      ]
    }
]